time,,values
11:18:05,40686.01,-305
11:18:06,40686.01,-276
11:18:06,40686.01,-247
11:18:06,40686.01,-223
11:18:06,40686.02,-186
11:18:06,40686.02,-163
11:18:06,40686.02,-141
11:18:06,40686.03,-123
11:18:06,40686.04,-103
11:18:06,40686.05,-89
11:18:06,40686.06,-72
11:18:06,40686.07,-58
11:18:06,40686.08,-28
11:18:06,40686.09,19
11:18:06,40686.10,55
11:18:06,40686.11,96
11:18:06,40686.12,99
11:18:06,40686.13,92
11:18:06,40686.14,52
11:18:06,40686.15,8
11:18:06,40686.16,-45
11:18:06,40686.17,-98
11:18:06,40686.18,-148
11:18:06,40686.19,-162
11:18:06,40686.20,-167
11:18:06,40686.21,-153
11:18:06,40686.22,-153
11:18:06,40686.23,-148
11:18:06,40686.24,-142
11:18:06,40686.25,-140
11:18:06,40686.26,-116
11:18:06,40686.27,-101
11:18:06,40686.28,-81
11:18:06,40686.30,-75
11:18:06,40686.30,-73
11:18:06,40686.32,-69
11:18:06,40686.32,-79
11:18:06,40686.33,-86
11:18:06,40686.34,-76
11:18:06,40686.35,-64
11:18:06,40686.36,-50
11:18:06,40686.37,-53
11:18:06,40686.38,-49
11:18:06,40686.39,-43
11:18:06,40686.40,-43
11:18:06,40686.41,-41
11:18:06,40686.42,-42
11:18:06,40686.43,-17
11:18:06,40686.44,41
11:18:06,40686.45,95
11:18:06,40686.46,131
11:18:06,40686.47,114
11:18:06,40686.48,79
11:18:06,40686.49,37
11:18:06,40686.50,0
11:18:06,40686.51,-13
11:18:06,40686.52,-35
11:18:06,40686.53,-54
11:18:06,40686.54,-76
11:18:06,40686.55,-94
11:18:06,40686.56,-100
11:18:06,40686.57,-106
11:18:06,40686.58,228
11:18:06,40686.59,684
11:18:06,40686.60,1058
11:18:06,40686.61,1070
11:18:06,40686.62,831
11:18:06,40686.63,510
11:18:06,40686.64,97
11:18:06,40686.65,-240
11:18:06,40686.66,-374
11:18:06,40686.67,-368
11:18:06,40686.68,-299
11:18:06,40686.69,-263
11:18:06,40686.70,-247
11:18:06,40686.71,-221
11:18:06,40686.72,-192
11:18:06,40686.73,-167
11:18:06,40686.74,-152
11:18:06,40686.75,-145
11:18:06,40686.76,-121
11:18:06,40686.77,-98
11:18:06,40686.78,-82
11:18:06,40686.79,-65
11:18:06,40686.80,-48
11:18:06,40686.82,-4
11:18:06,40686.82,32
11:18:06,40686.84,75
11:18:06,40686.84,101
11:18:06,40686.85,105
11:18:06,40686.86,96
11:18:06,40686.87,50
11:18:06,40686.88,-8
11:18:06,40686.89,-78
11:18:06,40686.90,-136
11:18:06,40686.91,-153
11:18:06,40686.92,-154
11:18:06,40686.93,-136
11:18:06,40686.94,-117
11:18:06,40686.95,-110
11:18:06,40686.96,-108
11:18:06,40686.97,-114
11:18:06,40686.98,-107
11:18:06,40686.99,-81
11:18:07,40687.00,-63
11:18:07,40687.01,-41
11:18:07,40687.02,-49
11:18:07,40687.03,-51
11:18:07,40687.04,-54
11:18:07,40687.05,-52
11:18:07,40687.06,-31
11:18:07,40687.07,-19
11:18:07,40687.08,-11
11:18:07,40687.09,-21
11:18:07,40687.10,-30
11:18:07,40687.11,-24
11:18:07,40687.12,-11
11:18:07,40687.13,3
11:18:07,40687.14,18
11:18:07,40687.15,22
11:18:07,40687.16,44
11:18:07,40687.17,75
11:18:07,40687.18,117
11:18:07,40687.19,146
11:18:07,40687.20,148
11:18:38,40718.25,123
11:18:38,40718.27,150
11:18:38,40718.27,162
11:18:38,40718.29,143
11:18:38,40718.30,119
11:18:38,40718.30,90
11:18:38,40718.32,47
11:18:38,40718.32,12
11:18:38,40718.34,-18
11:18:38,40718.34,-44
11:18:38,40718.36,-51
11:18:38,40718.36,-72
11:18:38,40718.38,-71
11:18:38,40718.39,-87
11:18:38,40718.39,24
11:18:38,40718.41,318
11:18:38,40718.41,756
11:18:38,40718.43,1045
11:18:38,40718.43,1071
11:18:38,40718.45,775
11:18:38,40718.45,420
11:18:38,40718.46,45
11:18:38,40718.48,-227
11:18:38,40718.48,-357
11:18:38,40718.50,-378
11:18:38,40718.50,-295
11:18:38,40718.52,-253
11:18:38,40718.52,-216
11:18:38,40718.54,-186
11:18:38,40718.55,-166
11:18:38,40718.55,-141
11:18:38,40718.57,-132
11:18:38,40718.57,-114
11:18:38,40718.59,-109
11:18:38,40718.60,-100
11:18:38,40718.61,-78
11:18:38,40718.62,-58
11:18:38,40718.63,-9
11:18:38,40718.64,29
11:18:38,40718.65,60
11:18:38,40718.66,72
11:18:38,40718.68,72
11:18:38,40718.68,78
11:18:38,40718.70,65
11:18:38,40718.70,26
11:18:38,40718.71,-27
11:18:38,40718.72,-96
11:18:38,40718.73,-146
11:18:38,40718.74,-172
11:18:38,40718.75,-176
11:18:38,40718.77,-155
11:18:38,40718.77,-146
11:18:38,40718.79,-126
11:18:38,40718.79,-121
11:18:38,40718.80,-108
11:18:38,40718.81,-105
11:18:38,40718.82,-108
11:18:38,40718.84,-111
11:18:38,40718.84,-105
11:18:38,40718.86,-95
11:18:38,40718.86,-70
11:18:38,40718.88,-65
11:18:38,40718.88,-55
11:18:38,40718.89,-59
11:18:38,40718.90,-49
11:18:38,40718.91,-23
11:18:38,40718.93,-10
11:18:38,40718.93,1
11:18:38,40718.95,-13
11:18:38,40718.95,-17
11:18:38,40718.96,-3
11:18:38,40718.97,4
11:18:38,40718.98,14
11:18:38,40718.99,22
11:18:39,40719.00,61
11:18:39,40719.02,108
11:18:39,40719.02,133
11:18:39,40719.04,142
11:18:39,40719.04,132
11:18:39,40719.05,115
11:18:39,40719.06,81
11:18:39,40719.07,30
11:18:39,40719.09,-14
11:18:39,40719.09,-47
11:18:39,40719.11,-61
11:18:39,40719.11,-65
11:18:39,40719.13,-81
11:18:39,40719.13,-101
11:18:39,40719.14,-110
11:18:39,40719.15,21
11:18:39,40719.16,338
11:18:39,40719.17,742
11:18:39,40719.18,995
11:18:39,40719.19,1034
11:18:39,40719.20,880
11:18:39,40719.21,589
11:18:39,40719.22,117
11:18:39,40719.23,-265
11:18:39,40719.24,-448
11:18:39,40719.25,-407
11:18:39,40719.26,-339
11:18:39,40719.27,-305
11:18:39,40719.28,-268
11:18:39,40719.29,-244
11:18:39,40719.30,-214
11:18:39,40719.31,-187
11:18:39,40719.32,-165
11:18:39,40719.33,-143
11:18:39,40719.34,-128
11:18:39,40719.35,-125
11:18:39,40719.36,-117
11:18:39,40719.37,-107
11:18:39,40719.38,-70
11:18:39,40719.39,-21
11:18:39,40719.40,28
11:18:39,40719.41,69
11:18:39,40719.42,85
11:18:39,40719.43,94
11:18:39,40719.44,80
11:18:39,40719.45,51
11:18:39,40719.46,13
11:18:39,40719.47,-58
11:18:39,40719.48,-122
11:18:39,40719.49,-176
11:18:39,40719.50,-180
11:18:39,40719.51,-160
11:18:39,40719.52,-156
11:18:39,40719.53,-147
11:18:39,40719.54,-147
11:18:39,40719.55,-129
11:18:39,40719.56,-99
11:18:39,40719.57,-82
11:18:39,40719.58,-61
11:18:39,40719.59,-57
11:18:39,40719.60,-50
11:18:39,40719.61,-50
11:18:39,40719.62,-62
11:18:39,40719.63,-54
11:18:39,40719.64,-47
11:18:39,40719.65,-37
11:18:39,40719.66,-36
11:18:39,40719.67,-41
11:18:39,40719.68,-33
11:18:39,40719.69,-28
11:18:39,40719.70,-26
11:18:39,40719.71,-18
11:18:39,40719.72,-6
11:18:39,40719.73,15
11:18:39,40719.74,26
11:18:39,40719.75,37
11:18:39,40719.76,74
11:18:39,40719.77,108
11:18:39,40719.78,144
11:18:39,40719.79,141
11:18:39,40719.80,112
11:18:39,40719.81,63
11:18:39,40719.82,14
11:18:39,40719.83,-14
11:18:39,40719.84,-27
11:18:39,40719.85,-42
11:18:39,40719.86,-53
11:18:39,40719.87,-76
11:18:39,40719.88,-93
11:18:39,40719.89,-54
11:18:39,40719.90,188
11:18:39,40719.91,531
11:18:39,40719.92,838
11:18:39,40719.93,985
11:18:39,40719.94,968
11:18:39,40719.95,771
11:18:39,40719.96,381
11:18:39,40719.97,-85
11:18:39,40719.98,-349
11:18:39,40719.99,-429
11:18:40,40720.00,-357
11:18:40,40720.01,-316
11:18:40,40720.02,-296
11:18:40,40720.03,-263
11:18:40,40720.04,-237
11:18:40,40720.05,-208
11:18:40,40720.06,-181
11:18:40,40720.07,-158
11:18:40,40720.08,-142
11:18:40,40720.09,-143
11:18:40,40720.10,-138
11:18:40,40720.11,-115
11:18:40,40720.12,-83
11:18:40,40720.13,-29
11:18:40,40720.14,15
11:18:40,40720.15,53
11:18:40,40720.16,70
11:18:40,40720.17,72
11:18:40,40720.18,72
11:18:40,40720.20,56
11:18:40,40720.20,27
11:18:40,40720.21,-29
11:18:40,40720.22,-100
11:18:40,40720.23,-146
11:18:40,40720.24,-160
11:18:40,40720.25,-158
11:18:40,40720.27,-148
11:18:40,40720.27,-146
11:18:40,40720.29,-134
11:18:40,40720.29,-124
11:18:40,40720.30,-112
11:18:40,40720.31,-98
11:18:40,40720.32,-99
11:18:40,40720.34,-91
11:18:40,40720.34,-85
11:18:40,40720.36,-69
11:18:40,40720.36,-41
11:18:40,40720.38,-37
11:18:40,40720.38,-35
11:18:40,40720.39,-41
11:18:40,40720.40,-36
11:18:40,40720.41,-14
11:18:40,40720.43,-9
11:18:40,40720.43,4
11:18:40,40720.45,2
11:18:40,40720.45,5
11:18:40,40720.46,14
11:18:40,40720.47,13
11:18:40,40720.48,29
11:18:40,40720.49,57
11:18:40,40720.50,93
11:18:40,40720.52,140
11:18:40,40720.52,155
11:18:40,40720.54,162
11:18:40,40720.54,136
11:18:40,40720.55,100
11:18:40,40720.56,66
11:18:40,40720.57,9
11:18:40,40720.59,-24
11:18:40,40720.59,-56
11:18:40,40720.61,-62
11:18:40,40720.61,-68
11:18:40,40720.63,-82
11:18:40,40720.63,-92
11:18:40,40720.64,-30
11:18:40,40720.65,216
11:18:40,40720.66,630
11:18:40,40720.68,962
11:18:40,40720.68,1063
11:18:40,40720.70,828
11:18:40,40720.70,422
11:18:40,40720.71,-52
11:18:40,40720.72,-325
11:18:40,40720.73,-392
11:18:40,40720.74,-321
11:18:40,40720.75,-272
11:18:40,40720.76,-230
11:18:40,40720.77,-189
11:18:40,40720.78,-156
11:18:40,40720.79,-139
11:18:40,40720.80,-125
11:18:40,40720.80,-101
11:18:40,40720.82,-86
11:18:40,40720.82,-72
11:18:40,40720.84,-71
11:18:40,40720.85,-65
11:18:40,40720.86,-41
11:18:40,40720.87,-8
11:18:40,40720.88,42
11:18:40,40720.89,81
11:18:40,40720.89,107
11:18:40,40720.91,118
11:18:40,40720.91,102
11:18:40,40720.93,91
11:18:40,40720.94,54
11:18:40,40720.95,-7
11:18:40,40720.96,-78
11:18:40,40720.96,-134
11:18:40,40720.98,-147
11:18:40,40720.98,-143
11:18:40,40721.00,-136
11:18:41,40721.01,-136
11:18:41,40721.02,-148
11:18:41,40721.03,-147
11:18:41,40721.04,-136
11:18:41,40721.05,-121
11:18:41,40721.05,-104
11:18:41,40721.07,-92
11:18:41,40721.07,-72
11:18:41,40721.09,-62
11:18:41,40721.10,-59
11:18:41,40721.11,-53
11:18:41,40721.12,-54
11:18:41,40721.13,-49
11:18:41,40721.14,-45
11:18:41,40721.14,-43
11:18:41,40721.16,-39
11:18:41,40721.16,-48
11:18:41,40721.18,-51
11:18:41,40721.19,-46
11:18:41,40721.20,-31
11:18:41,40721.21,-7
11:18:41,40721.21,4
11:18:41,40721.23,28
11:18:41,40721.23,55
11:18:41,40721.25,83
11:18:41,40721.26,104
11:18:41,40721.27,104
11:18:41,40721.28,101
11:18:41,40721.29,70
11:18:41,40721.30,16
11:18:41,40721.30,-27
11:18:41,40721.32,-60
11:18:41,40721.32,-56
11:18:41,40721.34,-70
11:18:41,40721.34,-91
11:18:41,40721.36,-102
11:18:41,40721.38,-118
11:18:41,40721.38,17
11:18:41,40721.39,433
11:18:41,40721.40,856
11:18:41,40721.40,1063
11:18:41,40721.41,797
11:18:41,40721.43,361
11:18:41,40721.45,-97
11:18:41,40721.45,-346
11:18:41,40721.46,-383
11:18:41,40721.47,-296
11:18:41,40721.48,-226
11:18:41,40721.49,-186
11:18:41,40721.50,-163
11:18:41,40721.52,-133
11:18:41,40721.52,-120
11:18:41,40721.54,-102
11:18:41,40721.54,-102
11:18:41,40721.55,-89
11:18:41,40721.56,-67
11:18:41,40721.57,-55
11:18:41,40721.59,-40
11:18:41,40721.59,-33
11:18:41,40721.61,-16
11:18:41,40721.61,10
11:18:41,40721.63,31
11:18:41,40721.63,69
11:18:41,40721.64,100
11:18:41,40721.65,121
11:18:41,40721.66,119
11:18:41,40721.68,92
11:18:41,40721.68,44
11:18:41,40721.70,-21
11:18:41,40721.70,-76
11:18:41,40721.71,-108
11:18:41,40721.72,-122
11:18:41,40721.73,-123
11:18:41,40721.74,-124
11:18:41,40721.75,-128
11:18:41,40721.77,-123
11:18:41,40721.77,-115
11:18:41,40721.79,-94
11:18:41,40721.79,-85
11:18:41,40721.80,-81
11:18:41,40721.81,-71
11:18:41,40721.82,-70
11:18:41,40721.83,-58
11:18:41,40721.84,-51
11:18:41,40721.85,-36
11:18:41,40721.86,-21
11:18:41,40721.87,-18
11:18:41,40721.88,-8
11:18:41,40721.89,-2
11:18:41,40721.90,6
11:18:41,40721.91,11
11:18:41,40721.92,-3
11:18:41,40721.93,4
11:18:41,40721.94,9
11:18:41,40721.95,29
11:18:41,40721.96,41
11:18:41,40721.97,56
11:18:41,40721.98,94
11:18:41,40721.99,132
11:18:41,40722.00,156
11:18:42,40722.01,157
11:18:42,40722.02,123
11:18:42,40722.03,73
11:18:42,40722.04,18
11:18:42,40722.05,-21
11:18:42,40722.06,-29
11:18:42,40722.07,-42
11:18:42,40722.08,-54
11:18:42,40722.09,-79
11:18:42,40722.10,-110
11:18:42,40722.11,-102
11:18:42,40722.12,97
11:18:42,40722.13,487
11:18:42,40722.14,894
11:18:42,40722.15,1067
11:18:42,40722.16,1028
11:18:42,40722.17,802
11:18:42,40722.18,444
11:18:42,40722.19,-22
11:18:42,40722.20,-341
11:18:42,40722.21,-442
11:18:42,40722.22,-393
11:18:42,40722.23,-333
11:18:42,40722.24,-306
11:18:42,40722.25,-283
11:18:42,40722.26,-261
11:18:42,40722.27,-246
11:18:42,40722.28,-213
11:18:42,40722.29,-187
11:18:42,40722.30,-161
11:18:42,40722.31,-149
11:18:42,40722.32,-145
11:18:42,40722.34,-126
11:18:42,40722.34,-98
11:18:42,40722.35,-60
11:18:42,40722.36,-13
11:18:42,40722.37,14
11:18:42,40722.38,36
11:18:42,40722.39,38
11:18:42,40722.40,34
11:18:42,40722.41,19
11:18:42,40722.42,-26
11:18:42,40722.43,-69
11:18:42,40722.44,-127
11:18:42,40722.45,-162
11:18:42,40722.46,-180
11:18:42,40722.47,-184
11:18:42,40722.48,-170
11:18:42,40722.49,-162
11:18:42,40722.50,-145
11:18:42,40722.51,-130
11:18:42,40722.52,-121
11:18:42,40722.53,-106
11:18:42,40722.54,-99
11:18:42,40722.55,-95
11:18:42,40722.56,-92
11:18:42,40722.57,-85
11:18:42,40722.58,-71
11:18:42,40722.59,-70
11:18:42,40722.60,-68
11:18:42,40722.61,-58
11:18:42,40722.62,-49
11:18:42,40722.63,-36
11:18:42,40722.64,-29
11:18:42,40722.65,-33
11:18:42,40722.66,-33
11:18:42,40722.67,-41
11:18:42,40722.68,-21
11:18:42,40722.69,-3
11:18:42,40722.70,21
11:18:42,40722.71,56
11:18:42,40722.72,82
11:18:42,40722.73,116
11:18:42,40722.74,127
11:18:42,40722.75,119
11:18:42,40722.76,91
11:18:42,40722.77,44
11:18:42,40722.78,17
11:18:42,40722.79,-2
11:18:42,40722.80,-12
11:18:42,40722.81,-31
11:18:42,40722.82,-60
11:18:42,40722.83,-73
11:18:42,40722.84,-94
11:18:42,40722.85,-47
11:18:42,40722.86,221
11:18:42,40722.87,522
11:18:42,40722.88,876
11:18:42,40722.89,976
11:18:42,40722.89,950
11:18:42,40722.91,657
11:18:42,40722.91,168
11:18:42,40722.93,-211
11:18:42,40722.93,-402
11:18:42,40722.95,-366
11:18:42,40722.95,-302
11:18:42,40722.96,-268
11:18:42,40722.98,-219
11:18:42,40722.98,-183
11:18:42,40723.00,-148
11:18:43,40723.00,-123
11:18:43,40723.02,-116
11:18:43,40723.02,-102
11:18:43,40723.04,-91
11:18:43,40723.05,-81
11:18:43,40723.05,-64
11:18:43,40723.07,-51
11:18:43,40723.07,-17
11:18:43,40723.09,16
11:18:43,40723.09,57
11:18:43,40723.11,95
11:18:43,40723.11,112
11:18:43,40723.13,122
11:18:43,40723.14,106
11:18:43,40723.14,73
11:18:43,40723.16,14
11:18:43,40723.16,-61
11:18:43,40723.18,-114
11:18:43,40723.18,-156
11:18:43,40723.20,-174
11:18:43,40723.20,-174
11:18:43,40723.21,-162
11:18:43,40723.23,-137
11:18:43,40723.23,-130
11:18:43,40723.25,-125
11:18:43,40723.25,-119
11:18:43,40723.27,-115
11:18:43,40723.27,-93
11:18:43,40723.29,-85
11:18:43,40723.30,-68
11:18:43,40723.30,-68
11:18:43,40723.32,-68
11:18:43,40723.32,-61
11:18:43,40723.34,-52
11:18:43,40723.36,-47
11:18:43,40723.36,-42
11:18:43,40723.37,-35
11:18:43,40723.38,-8
11:18:43,40723.39,5
11:18:43,40723.40,5
11:18:43,40723.41,0
11:18:43,40723.42,-11
11:18:43,40723.43,10
11:18:43,40723.44,39
11:18:43,40723.45,86
11:18:43,40723.46,133
11:18:43,40723.47,148
11:18:43,40723.48,142
11:18:43,40723.49,109
11:18:43,40723.50,75
11:18:43,40723.51,53
11:18:43,40723.52,17
11:18:43,40723.53,-4
11:18:43,40723.54,-25
11:18:43,40723.55,-31
11:18:43,40723.56,-41
11:18:43,40723.57,-81
11:18:43,40723.58,-61
11:18:43,40723.59,95
11:18:43,40723.60,330
11:18:43,40723.61,684
11:18:43,40723.62,914
11:18:43,40723.63,1045
11:18:43,40723.64,845
11:18:43,40723.65,461
11:18:43,40723.66,-8
11:18:43,40723.67,-300
11:18:43,40723.68,-384
11:18:43,40723.69,-328
11:18:43,40723.70,-284
11:18:43,40723.71,-254
11:18:43,40723.72,-232
11:18:43,40723.73,-197
11:18:43,40723.74,-176
11:18:43,40723.75,-150
11:18:43,40723.76,-131
11:18:43,40723.77,-121
11:18:43,40723.78,-106
11:18:43,40723.79,-101
11:18:43,40723.80,-84
11:18:43,40723.81,-45
11:18:43,40723.82,2
11:18:43,40723.83,55
11:18:43,40723.84,74
11:18:43,40723.85,79
11:18:43,40723.86,78
11:18:43,40723.87,70
11:18:43,40723.88,46
11:18:43,40723.89,-11
11:18:43,40723.90,-81
11:18:43,40723.91,-129
11:18:43,40723.92,-153
11:18:43,40723.93,-150
11:18:43,40723.95,-161
11:18:43,40723.95,-166
11:18:43,40723.96,-158
11:18:43,40723.97,-133
11:18:43,40723.98,-100
11:18:43,40723.99,-86
11:18:44,40724.00,-94
11:18:44,40724.02,-99
11:18:44,40724.02,-106
11:18:44,40724.04,-80
11:18:44,40724.04,-62
11:18:44,40724.05,-46
11:18:44,40724.06,-45
11:18:44,40724.07,-48
11:18:44,40724.09,-40
11:18:44,40724.09,-36
11:18:44,40724.11,-35
11:18:44,40724.11,-30
11:18:44,40724.13,-28
11:18:44,40724.13,-12
11:18:44,40724.14,-9
11:18:44,40724.15,-13
11:18:44,40724.16,-18
11:18:44,40724.18,-17
11:18:44,40724.18,20
11:18:44,40724.20,63
11:18:44,40724.20,104
11:18:44,40724.21,122
11:18:44,40724.22,113
11:18:44,40724.23,88
11:18:44,40724.24,40
11:18:44,40724.25,-12
11:18:44,40724.27,-45
11:18:44,40724.27,-61
11:18:44,40724.29,-55
11:18:44,40724.29,-64
11:18:44,40724.30,-86
11:18:44,40724.31,-103
11:18:44,40724.32,-125
11:18:44,40724.34,-6
11:18:44,40724.34,329
11:18:44,40724.36,757
11:18:44,40724.36,1031
11:18:44,40724.38,977
11:18:44,40724.38,688
11:18:44,40724.39,315
11:18:44,40724.40,13
11:18:44,40724.41,-219
11:18:44,40724.43,-307
11:18:44,40724.43,-337
11:18:44,40724.44,-270
11:18:44,40724.45,-225
11:18:44,40724.46,-187
11:18:44,40724.47,-169
11:18:44,40724.48,-154
11:18:44,40724.49,-141
11:18:44,40724.50,-123
11:18:44,40724.51,-101
11:18:44,40724.52,-90
11:18:44,40724.53,-71
11:18:44,40724.54,-54
11:18:44,40724.55,-26
11:18:44,40724.56,21
11:18:44,40724.57,51
11:18:44,40724.58,76
11:18:44,40724.59,74
11:18:44,40724.60,74
11:18:44,40724.61,79
11:18:44,40724.62,63
11:18:44,40724.63,24
11:18:44,40724.64,-53
11:18:44,40724.65,-127
11:18:44,40724.66,-169
11:18:44,40724.67,-171
11:18:44,40724.68,-149
11:18:44,40724.69,-142
11:18:44,40724.70,-142
11:18:44,40724.71,-130
11:18:44,40724.72,-120
11:18:44,40724.73,-117
11:18:44,40724.74,-128
11:18:44,40724.75,-125
11:18:44,40724.76,-104
11:18:44,40724.77,-95
11:18:44,40724.78,-85
11:18:44,40724.79,-85
11:18:44,40724.80,-78
11:18:44,40724.81,-67
11:18:44,40724.82,-69
11:18:44,40724.83,-62
11:18:44,40724.84,-48
11:18:44,40724.85,-29
11:18:44,40724.86,-12
11:18:44,40724.87,-26
11:18:44,40724.88,-32
11:18:44,40724.89,-38
11:18:44,40724.90,-20
11:18:44,40724.91,15
11:18:44,40724.92,55
11:18:44,40724.93,95
11:18:44,40724.94,108
11:18:44,40724.95,107
11:18:44,40724.96,101
11:18:44,40724.97,83
11:18:44,40724.98,60
11:18:44,40724.99,22
11:18:45,40725.00,-11
11:18:45,40725.01,-28
11:18:45,40725.02,-49
11:18:45,40725.03,-57
11:18:45,40725.04,-72
11:18:45,40725.05,-87
11:18:45,40725.06,-95
11:18:45,40725.07,97
11:18:45,40725.08,518
11:18:45,40725.09,933
11:18:45,40725.10,1081
11:18:45,40725.11,920
11:18:45,40725.12,694
11:18:45,40725.13,365
11:18:45,40725.14,12
11:18:45,40725.15,-293
11:18:45,40725.16,-393
11:18:45,40725.17,-359
11:18:45,40725.18,-298
11:18:45,40725.19,-269
11:18:45,40725.20,-247
11:18:45,40725.21,-226
11:18:45,40725.22,-215
11:18:45,40725.23,-192
11:18:45,40725.24,-172
11:18:45,40725.25,-141
11:18:45,40725.26,-113
11:18:45,40725.27,-96
11:18:45,40725.28,-72
11:18:45,40725.29,-43
11:18:45,40725.30,-11
11:18:45,40725.31,31
11:18:45,40725.32,61
11:18:45,40725.33,98
11:18:45,40725.34,105
11:18:45,40725.35,97
11:18:45,40725.36,72
11:18:45,40725.37,7
11:18:45,40725.38,-63
11:18:45,40725.39,-121
11:18:45,40725.40,-140
11:18:45,40725.41,-135
11:18:45,40725.42,-132
11:18:45,40725.43,-128
11:18:45,40725.44,-132
11:18:45,40725.45,-130
11:18:45,40725.46,-111
11:18:45,40725.47,-96
11:18:45,40725.48,-79
11:18:45,40725.49,-84
11:18:45,40725.50,-93
11:18:45,40725.52,-92
11:18:45,40725.52,-91
11:18:45,40725.54,-67
11:18:45,40725.54,-61
11:18:45,40725.55,-49
11:18:45,40725.56,-41
11:18:45,40725.57,-38
11:18:45,40725.58,-32
11:18:45,40725.59,-36
11:18:45,40725.60,-35
11:18:45,40725.61,-26
11:18:45,40725.62,-26
11:18:45,40725.63,-8
11:18:45,40725.64,7
11:18:45,40725.65,43
11:18:45,40725.66,81
11:18:45,40725.67,106
11:18:45,40725.68,133
11:18:45,40725.69,135
11:18:45,40725.70,117
11:18:45,40725.71,78
11:18:45,40725.72,20
11:18:45,40725.73,-8
11:18:45,40725.74,-38
11:18:45,40725.75,-59
11:18:45,40725.76,-73
11:18:45,40725.77,-88
11:18:45,40725.78,-87
11:18:45,40725.79,-99
11:18:45,40725.80,17
11:18:45,40725.81,320
11:18:45,40725.82,742
11:18:45,40725.83,1012
11:18:45,40725.84,1061
11:18:45,40725.85,911
11:18:45,40725.86,616
11:18:45,40725.87,167
11:18:45,40725.88,-235
11:18:45,40725.89,-418
11:18:45,40725.90,-397
11:18:45,40725.91,-324
11:18:45,40725.92,-292
11:18:45,40725.93,-243
11:18:45,40725.94,-202
11:18:45,40725.95,-168
11:18:45,40725.96,-159
11:18:45,40725.97,-167
11:18:45,40725.98,-151
11:18:45,40725.99,-136
11:18:45,40726.00,-113
11:18:46,40726.01,-87
11:18:46,40726.02,-61
11:18:46,40726.04,-28
11:18:46,40726.04,-7
11:18:46,40726.05,25
11:18:46,40726.06,64
11:18:46,40726.07,84
11:18:46,40726.08,86
11:18:46,40726.09,64
11:18:46,40726.10,16
11:18:46,40726.11,-34
11:18:46,40726.12,-87
11:18:46,40726.13,-125
11:18:46,40726.14,-164
11:18:46,40726.15,-188
11:18:46,40726.16,-182
11:18:46,40726.17,-172
11:18:46,40726.18,-155
11:18:46,40726.19,-134
11:18:46,40726.20,-113
11:18:46,40726.21,-97
11:18:46,40726.22,-101
11:18:46,40726.23,-88
11:18:46,40726.24,-79
11:18:46,40726.25,-71
11:18:46,40726.26,-68
11:18:46,40726.27,-81
11:18:46,40726.28,-78
11:18:46,40726.29,-78
11:18:46,40726.30,-65
11:18:46,40726.31,-50
11:18:46,40726.32,-41
11:18:46,40726.33,-30
11:18:46,40726.34,-34
11:18:46,40726.35,-36
11:18:46,40726.36,-31
11:18:46,40726.37,-28
11:18:46,40726.38,-14
11:18:46,40726.39,13
11:18:46,40726.40,63
11:18:46,40726.41,108
11:18:46,40726.42,123
11:18:46,40726.43,122
11:18:46,40726.44,104
11:18:46,40726.45,72
11:18:46,40726.46,43
11:18:46,40726.47,13
11:18:46,40726.48,-4
11:18:46,40726.49,-26
11:18:46,40726.50,-41
11:18:46,40726.51,-52
11:18:46,40726.52,-77
11:18:46,40726.53,-71
11:18:46,40726.54,137
11:18:46,40726.55,522
11:18:46,40726.56,926
11:18:46,40726.57,1080
11:18:46,40726.58,1031
11:18:46,40726.59,799
11:18:46,40726.60,468
11:18:46,40726.61,37
11:18:46,40726.62,-273
11:18:46,40726.63,-393
11:18:46,40726.64,-352
11:18:46,40726.65,-293
11:18:46,40726.66,-264
11:18:46,40726.67,-250
11:18:46,40726.68,-223
11:18:46,40726.69,-196
11:18:46,40726.70,-173
11:18:46,40726.71,-164
11:18:46,40726.72,-163
11:18:46,40726.73,-150
11:18:46,40726.74,-137
11:18:46,40726.75,-117
11:18:46,40726.76,-87
11:18:46,40726.77,-56
11:18:46,40726.78,-12
11:18:46,40726.79,16
11:18:46,40726.80,40
11:18:46,40726.81,52
11:18:46,40726.82,45
11:18:46,40726.83,38
11:18:46,40726.84,14
11:18:46,40726.85,-33
11:18:46,40726.86,-105
11:18:46,40726.87,-179
11:18:46,40726.88,-206
11:18:46,40726.89,-202
11:18:46,40726.90,-177
11:18:46,40726.91,-153
11:18:46,40726.92,-141
11:18:46,40726.93,-127
11:18:46,40726.94,-124
11:18:46,40726.95,-118
11:18:46,40726.96,-108
11:18:46,40726.97,-96
11:18:46,40726.98,-72
11:18:46,40726.99,-62
11:18:46,40727.00,-54
11:18:47,40727.01,-43
11:18:47,40727.02,-42
11:18:47,40727.03,-32
11:18:47,40727.04,-36
11:18:47,40727.05,-33
11:18:47,40727.06,-26
11:18:47,40727.07,-17
11:18:47,40727.08,2
11:18:47,40727.09,9
11:18:47,40727.10,12
11:18:47,40727.11,17
11:18:47,40727.12,29
11:18:47,40727.13,71
11:18:47,40727.14,106
11:18:47,40727.15,133
11:18:47,40727.16,139
11:18:47,40727.17,126
11:18:47,40727.18,104
11:18:47,40727.19,65
11:18:47,40727.20,34
11:18:47,40727.21,3
11:18:47,40727.22,-27
11:18:47,40727.23,-40
11:18:47,40727.24,-49
11:18:47,40727.25,-71
11:18:47,40727.26,-88
11:18:47,40727.27,-47
11:18:47,40727.28,220
11:18:47,40727.29,499
11:18:47,40727.30,830
11:18:47,40727.31,959
11:18:47,40727.32,964
11:18:47,40727.33,700
11:18:47,40727.34,286
11:18:47,40727.35,-123
11:18:47,40727.36,-333
11:18:47,40727.37,-390
11:18:47,40727.38,-330
11:18:47,40727.39,-293
11:18:47,40727.40,-246
11:18:47,40727.41,-204
11:18:47,40727.42,-191
11:18:47,40727.43,-177
11:18:47,40727.44,-167
11:18:47,40727.45,-137
11:18:47,40727.46,-112
11:18:47,40727.47,-97
11:18:47,40727.48,-80
11:18:47,40727.49,-63
11:18:47,40727.50,-24
11:18:47,40727.51,26
11:18:47,40727.52,67
11:18:47,40727.53,92
11:18:47,40727.54,95
11:18:47,40727.55,92
11:18:47,40727.56,80
11:18:47,40727.57,30
11:18:47,40727.58,-19
11:18:47,40727.59,-78
11:18:47,40727.60,-121
11:18:47,40727.61,-153
11:18:47,40727.62,-175
11:18:47,40727.63,-163
11:18:47,40727.64,-155
11:18:47,40727.65,-142
11:18:47,40727.66,-126
11:18:47,40727.67,-121
11:18:47,40727.68,-100
11:18:47,40727.69,-86
11:18:47,40727.70,-78
11:18:47,40727.71,-76
11:18:47,40727.72,-84
11:18:47,40727.73,-66
11:18:47,40727.74,-58
11:18:47,40727.75,-44
11:18:47,40727.76,-41
11:18:47,40727.77,-47
11:18:47,40727.78,-46
11:18:47,40727.79,-42
11:18:47,40727.80,-33
11:18:47,40727.81,-17
11:18:47,40727.82,-10
11:18:47,40727.83,-1
11:18:47,40727.84,-4
11:18:47,40727.85,13
11:18:47,40727.86,55
11:18:47,40727.87,91
11:18:47,40727.88,124
11:18:47,40727.89,129
11:18:47,40727.90,126
11:18:47,40727.91,107
11:18:47,40727.92,67
11:18:47,40727.93,24
11:18:47,40727.94,-19
11:18:47,40727.95,-46
11:18:47,40727.96,-51
11:18:47,40727.97,-59
11:18:47,40727.98,-66
11:18:47,40727.99,-97
11:18:48,40728.00,-85
11:18:48,40728.01,99
11:18:48,40728.02,468
11:18:48,40728.03,869
11:18:48,40728.04,1052
11:18:48,40728.05,940
11:18:48,40728.06,720
11:18:48,40728.07,384
11:18:48,40728.08,-16
11:18:48,40728.09,-334
11:18:48,40728.10,-451
11:18:48,40728.11,-359
11:18:48,40728.12,-300
11:18:48,40728.13,-263
11:18:48,40728.14,-238
11:18:48,40728.15,-217
11:18:48,40728.16,-193
11:18:48,40728.17,-177
11:18:48,40728.18,-154
11:18:48,40728.19,-143
11:18:48,40728.20,-130
11:18:48,40728.21,-111
11:18:48,40728.22,-93
11:18:48,40728.23,-47
11:18:48,40728.24,-18
11:18:48,40728.25,5
11:18:48,40728.26,25
11:18:48,40728.27,39
11:18:48,40728.28,71
11:18:48,40728.29,72
11:18:48,40728.30,54
11:18:48,40728.31,-11
11:18:48,40728.32,-100
11:18:48,40728.33,-156
11:18:48,40728.34,-186
11:18:48,40728.35,-186
11:18:48,40728.36,-187
11:18:48,40728.37,-183
11:18:48,40728.38,-168
11:18:48,40728.39,-158
11:18:48,40728.40,-142
11:18:48,40728.41,-125
11:18:48,40728.42,-122
11:18:48,40728.43,-113
11:18:48,40728.44,-106
11:18:48,40728.45,-87
11:18:48,40728.46,-72
11:18:48,40728.47,-68
11:18:48,40728.48,-54
11:18:48,40728.49,-38
11:18:48,40728.50,-22
11:18:48,40728.51,-19
11:18:48,40728.52,-31
11:18:48,40728.53,-30
11:18:48,40728.54,-28
11:18:48,40728.55,-18
11:18:48,40728.56,-12
11:18:48,40728.57,-5
11:18:48,40728.58,10
11:18:48,40728.59,30
11:18:48,40728.60,64
11:18:48,40728.61,100
11:18:48,40728.62,133
11:18:48,40728.63,152
11:18:48,40728.64,152
11:18:48,40728.65,131
11:18:48,40728.66,99
11:18:48,40728.67,58
11:18:48,40728.68,14
11:18:48,40728.69,-24
11:18:48,40728.70,-43
11:18:48,40728.71,-47
11:18:48,40728.72,-57
11:18:48,40728.73,-77
11:18:48,40728.74,-95
11:18:48,40728.75,32
11:18:48,40728.76,394
11:18:48,40728.77,814
11:18:48,40728.78,1071
11:18:48,40728.79,1061
11:18:48,40728.80,876
11:18:48,40728.81,558
11:18:48,40728.82,140
11:18:48,40728.83,-216
11:18:48,40728.84,-377
11:18:48,40728.85,-377
11:18:48,40728.86,-310
11:18:48,40728.87,-281
11:18:48,40728.88,-245
11:18:48,40728.89,-221
11:18:48,40728.90,-189
11:18:48,40728.91,-175
11:18:48,40728.92,-168
11:18:48,40728.93,-151
11:18:48,40728.94,-133
11:18:48,40728.95,-107
11:18:48,40728.96,-87
11:18:48,40728.97,-80
11:18:48,40728.98,-50
11:18:48,40728.99,-14
11:18:49,40729.00,35
11:18:49,40729.01,75
11:18:49,40729.02,91
11:18:49,40729.03,97
11:18:49,40729.04,75
11:18:49,40729.05,50
11:18:49,40729.06,-3
11:18:49,40729.07,-69
11:18:49,40729.08,-139
11:18:49,40729.09,-178
11:18:49,40729.10,-186
11:18:49,40729.11,-179
11:18:49,40729.12,-175
11:18:49,40729.13,-165
11:18:49,40729.14,-156
11:18:49,40729.15,-130
11:18:49,40729.16,-105
11:18:49,40729.17,-98
11:18:49,40729.18,-96
11:18:49,40729.19,-90
11:18:49,40729.20,-75
11:18:49,40729.21,-65
11:18:49,40729.22,-70
11:18:49,40729.23,-59
11:18:49,40729.24,-49
11:18:49,40729.25,-37
11:18:49,40729.27,-29
11:18:49,40729.27,-35
11:18:49,40729.29,-32
11:18:49,40729.29,-37
11:18:49,40729.30,-27
11:18:49,40729.31,-18
11:18:49,40729.32,-12
11:18:49,40729.34,-7
11:18:49,40729.34,-8
11:18:49,40729.36,16
11:18:49,40729.36,56
11:18:49,40729.38,96
11:18:49,40729.38,126
11:18:49,40729.39,130
11:18:49,40729.40,115
11:18:49,40729.41,87
11:18:49,40729.43,41
11:18:49,40729.43,5
11:18:49,40729.45,-30
11:18:49,40729.45,-45
11:18:49,40729.46,-50
11:18:49,40729.47,-72
11:18:49,40729.48,-90
11:18:49,40729.49,-103
11:18:49,40729.50,109
11:18:49,40729.52,371
11:18:49,40729.52,742
11:18:49,40729.54,938
11:18:49,40729.54,1011
11:18:49,40729.55,822
11:18:49,40729.56,453
11:18:49,40729.57,26
11:18:49,40729.59,-257
11:18:49,40729.59,-366
11:18:49,40729.61,-342
11:18:49,40729.61,-297
11:18:49,40729.63,-262
11:18:49,40729.63,-213
11:18:49,40729.64,-180
11:18:49,40729.65,-162
11:18:49,40729.66,-147
11:18:49,40729.68,-135
11:18:49,40729.68,-114
11:18:49,40729.70,-108
11:18:49,40729.70,-102
11:18:49,40729.71,-91
11:18:49,40729.72,-71
11:18:49,40729.73,-26
11:18:49,40729.74,17
11:18:49,40729.75,53
11:18:49,40729.76,78
11:18:49,40729.77,81
11:18:49,40729.78,89
11:18:49,40729.79,75
11:18:49,40729.80,54
11:18:49,40729.81,-3
11:18:49,40729.82,-80
11:18:49,40729.83,-136
11:18:49,40729.84,-173
11:18:49,40729.85,-186
11:18:49,40729.86,-190
11:18:49,40729.87,-172
11:18:49,40729.88,-142
11:18:49,40729.89,-129
11:18:49,40729.90,-123
11:18:49,40729.91,-118
11:18:49,40729.92,-115
11:18:49,40729.93,-102
11:18:49,40729.94,-98
11:18:49,40729.95,-92
11:18:49,40729.96,-74
11:18:49,40729.97,-60
11:18:49,40729.98,-40
11:18:49,40729.99,-54
11:18:50,40730.00,-60
11:18:50,40730.01,-57
11:18:50,40730.02,-44
11:18:50,40730.03,-27
11:18:50,40730.04,-27
11:18:50,40730.05,-34
11:18:50,40730.06,-41
11:18:50,40730.07,-44
11:18:50,40730.08,-23
11:18:50,40730.09,-3
11:18:50,40730.10,38
11:18:50,40730.11,87
11:18:50,40730.12,123
11:18:50,40730.13,140
11:18:50,40730.14,133
11:18:50,40730.15,116
11:18:50,40730.16,83
11:18:50,40730.17,38
11:18:50,40730.18,0
11:18:50,40730.19,-33
11:18:50,40730.20,-52
11:18:50,40730.21,-65
11:18:50,40730.22,-80
11:18:50,40730.23,-87
11:18:50,40730.24,-108
11:18:50,40730.25,-62
11:18:50,40730.27,224
11:18:50,40730.27,642
11:18:50,40730.29,1003
11:18:50,40730.29,1034
11:18:50,40730.30,800
11:18:50,40730.31,524
11:18:50,40730.32,201
11:18:50,40730.34,-99
11:18:50,40730.34,-326
11:18:50,40730.36,-394
11:18:50,40730.36,-322
11:18:50,40730.38,-274
11:18:50,40730.38,-232
11:18:50,40730.39,-206
11:18:50,40730.40,-186
11:18:50,40730.41,-170
11:18:50,40730.43,-151
11:18:50,40730.43,-122
11:18:50,40730.45,-106
11:18:50,40730.45,-85
11:18:50,40730.46,-59
11:18:50,40730.47,-30
11:18:50,40730.48,4
11:18:50,40730.49,32
11:18:50,40730.50,58
11:18:50,40730.52,87
11:18:50,40730.52,96
11:18:50,40730.54,112
11:18:50,40730.54,95
11:18:50,40730.55,52
11:18:50,40730.56,-19
11:18:50,40730.57,-95
11:18:50,40730.59,-135
11:18:50,40730.59,-151
11:18:50,40730.61,-142
11:18:50,40730.61,-135
11:18:50,40730.63,-137
11:18:50,40730.63,-135
11:18:50,40730.64,-129
11:18:50,40730.65,-109
11:18:50,40730.66,-95
11:18:50,40730.68,-91
11:18:50,40730.68,-84
11:18:50,40730.70,-80
11:18:50,40730.70,-74
11:18:50,40730.71,-66
11:18:50,40730.72,-58
11:18:50,40730.73,-44
11:18:50,40730.74,-43
11:18:50,40730.75,-36
11:18:50,40730.76,-30
11:18:50,40730.77,-32
11:18:50,40730.79,-35
11:18:50,40730.79,-40
11:18:50,40730.80,-36
11:18:50,40730.81,-37
11:18:50,40730.82,-42
11:18:50,40730.83,-29
11:18:50,40730.84,0
11:18:50,40730.85,44
11:18:50,40730.86,78
11:18:50,40730.87,94
11:18:50,40730.88,108
11:18:50,40730.89,115
11:18:50,40730.90,115
11:18:50,40730.91,87
11:18:50,40730.92,34
11:18:50,40730.93,-11
11:18:50,40730.94,-45
11:18:50,40730.95,-50
11:18:50,40730.96,-47
11:18:50,40730.97,-62
11:18:50,40730.98,-79
11:18:50,40730.99,-111
11:18:51,40731.00,-19
11:18:51,40731.01,257
11:18:51,40731.02,668
11:18:51,40731.03,976
11:18:51,40731.04,1056
11:18:51,40731.05,969
11:18:51,40731.06,713
11:18:51,40731.07,321
11:18:51,40731.08,-144
11:18:51,40731.09,-396
11:18:51,40731.10,-444
11:18:51,40731.11,-358
11:18:51,40731.12,-318
11:18:51,40731.13,-285
11:18:51,40731.14,-256
11:18:51,40731.15,-227
11:18:51,40731.16,-202
11:18:51,40731.17,-190
11:18:51,40731.18,-166
11:18:51,40731.19,-153
11:18:51,40731.20,-136
11:18:51,40731.21,-119
11:18:51,40731.22,-98
11:18:51,40731.23,-66
11:18:51,40731.24,-36
11:18:51,40731.25,-6
11:18:51,40731.26,22
11:18:51,40731.27,43
11:18:51,40731.28,60
11:18:51,40731.29,49
11:18:51,40731.30,35
11:18:51,40731.31,5
11:18:51,40731.32,-45
11:18:51,40731.34,-111
11:18:51,40731.34,-174
11:18:51,40731.36,-193
11:18:51,40731.36,-181
11:18:51,40731.38,-168
11:18:51,40731.38,-159
11:18:51,40731.39,-163
11:18:51,40731.40,-157
11:18:51,40731.41,-141
11:18:51,40731.43,-129
11:18:51,40731.43,-107
11:18:51,40731.45,-96
11:18:51,40731.45,-87
11:18:51,40731.46,-81
11:18:51,40731.47,-82
11:18:51,40731.48,-65
11:18:51,40731.49,-60
11:18:51,40731.50,-49
11:18:51,40731.52,-32
11:18:51,40731.52,-24
11:18:51,40731.54,-17
11:18:51,40731.54,-24
11:18:51,40731.55,-16
11:18:51,40731.56,-1
11:18:51,40731.57,10
11:18:51,40731.59,22
11:18:51,40731.59,17
11:18:51,40731.61,33
11:18:51,40731.61,56
11:18:51,40731.63,99
11:18:51,40731.63,133
11:18:51,40731.64,151
11:18:51,40731.65,146
11:18:51,40731.66,128
11:18:51,40731.68,99
11:18:51,40731.68,63
11:18:51,40731.70,12
11:18:51,40731.70,-24
11:18:51,40731.71,-36
11:18:51,40731.72,-39
11:18:51,40731.73,-49
11:18:51,40731.74,-76
11:18:51,40731.75,-85
11:18:51,40731.77,-59
11:18:51,40731.77,188
11:18:51,40731.79,590
11:18:51,40731.79,966
11:18:51,40731.80,1071
11:18:51,40731.81,890
11:18:51,40731.82,530
11:18:51,40731.84,94
11:18:51,40731.84,-229
11:18:51,40731.86,-358
11:18:51,40731.86,-330
11:18:51,40731.88,-275
11:18:51,40731.88,-224
11:18:51,40731.89,-192
11:18:51,40731.90,-169
11:18:51,40731.91,-153
11:18:51,40731.92,-139
11:18:51,40731.93,-111
11:18:51,40731.94,-97
11:18:51,40731.95,-72
11:18:51,40731.96,-58
11:18:51,40731.97,-44
11:18:51,40731.98,-28
11:18:51,40731.99,-4
11:18:51,40732.00,38
11:18:52,40732.01,84
11:18:52,40732.02,107
11:18:52,40732.03,117
11:18:52,40732.04,109
11:18:52,40732.05,100
11:18:52,40732.06,74
11:18:52,40732.07,7
11:18:52,40732.08,-60
11:18:52,40732.09,-125
11:18:52,40732.10,-149
11:18:52,40732.11,-156
11:18:52,40732.12,-152
11:18:52,40732.13,-134
11:18:52,40732.14,-131
11:18:52,40732.15,-127
11:18:52,40732.16,-126
11:18:52,40732.17,-121
11:18:52,40732.18,-97
11:18:52,40732.19,-82
11:18:52,40732.20,-65
11:18:52,40732.21,-62
11:18:52,40732.22,-60
11:18:52,40732.23,-50
11:18:52,40732.24,-47
11:18:52,40732.25,-38
11:18:52,40732.26,-40
11:18:52,40732.27,-43
11:18:52,40732.28,-34
11:18:52,40732.29,-29
11:18:52,40732.30,-19
11:18:52,40732.31,-17
11:18:52,40732.32,-23
11:18:52,40732.33,-22
11:18:52,40732.34,-26
11:18:52,40732.35,1
11:18:52,40732.36,26
11:18:52,40732.37,66
11:18:52,40732.38,104
11:18:52,40732.39,131
11:18:52,40732.40,145
11:18:52,40732.41,134
11:18:52,40732.42,96
11:18:52,40732.43,54
11:18:52,40732.44,1
11:18:52,40732.45,-30
11:18:52,40732.46,-58
11:18:52,40732.47,-74
11:18:52,40732.48,-78
11:18:52,40732.49,-98
11:18:52,40732.50,-124
11:18:52,40732.51,-106
11:18:52,40732.52,70
11:18:52,40732.53,434
11:18:52,40732.54,807
11:18:52,40732.55,993
11:18:52,40732.56,896
11:18:52,40732.57,694
11:18:52,40732.58,405
11:18:52,40732.59,87
11:18:52,40732.60,-239
11:18:52,40732.61,-403
11:18:52,40732.62,-417
11:18:52,40732.63,-349
11:18:52,40732.64,-308
11:18:52,40732.65,-266
11:18:52,40732.66,-236
11:18:52,40732.67,-212
11:18:52,40732.68,-188
11:18:52,40732.69,-171
11:18:52,40732.70,-157
11:18:52,40732.71,-140
11:18:52,40732.72,-126
11:18:52,40732.73,-93
11:18:52,40732.74,-71
11:18:52,40732.75,-46
11:18:52,40732.76,-14
11:18:52,40732.77,13
11:18:52,40732.78,54
11:18:52,40732.79,67
11:18:52,40732.80,72
11:18:52,40732.81,55
11:18:52,40732.82,1
11:18:52,40732.83,-65
11:18:52,40732.84,-128
11:18:52,40732.85,-156
11:18:52,40732.86,-166
11:18:52,40732.87,-178
11:18:52,40732.88,-175
11:18:52,40732.89,-168
11:18:52,40732.90,-152
11:18:52,40732.91,-141
11:18:52,40732.92,-126
11:18:52,40732.93,-103
11:18:52,40732.95,-90
11:18:52,40732.95,-83
11:18:52,40732.96,-82
11:18:52,40732.96,-82
11:18:52,40732.98,-64
11:18:52,40732.98,-52
11:18:52,40733.00,-36
11:18:53,40733.01,-32
11:18:53,40733.02,-30
11:18:53,40733.03,-16
11:18:53,40733.04,-13
11:18:53,40733.05,-14
11:18:53,40733.05,-16
11:18:53,40733.07,-13
11:18:53,40733.07,0
11:18:53,40733.09,-1
11:18:53,40733.10,-5
11:18:53,40733.11,-7
11:18:53,40733.12,5
11:18:53,40733.13,46
11:18:53,40733.14,94
11:18:53,40733.14,130
11:18:53,40733.16,147
11:18:53,40733.16,121
11:18:53,40733.18,83
11:18:53,40733.19,40
11:18:53,40733.20,5
11:18:53,40733.21,-15
11:18:53,40733.21,-40
11:18:53,40733.23,-36
11:18:53,40733.23,-42
11:18:53,40733.25,-53
11:18:53,40733.26,-71
11:18:53,40733.27,34
11:18:53,40733.28,212
11:18:53,40733.29,509
11:18:53,40733.30,810
11:18:53,40733.30,1024
11:18:53,40733.32,1027
11:18:53,40733.32,736
11:18:53,40733.34,289
11:18:53,40733.35,-139
11:18:53,40733.36,-342
11:18:53,40733.37,-364
11:18:53,40733.38,-303
11:18:53,40733.39,-277
11:18:53,40733.39,-222
11:18:53,40733.41,-174
11:18:53,40733.41,-153
11:18:53,40733.43,-147
11:18:53,40733.45,-143
11:18:53,40733.45,-122
11:18:53,40733.46,-105
11:18:53,40733.47,-96
11:18:53,40733.48,-83
11:18:53,40733.49,-69
11:18:53,40733.50,-28
11:18:53,40733.51,16
11:18:53,40733.52,53
11:18:53,40733.53,83
11:18:53,40733.54,82
11:18:53,40733.55,81
11:18:53,40733.56,60
11:18:53,40733.57,30
11:18:53,40733.58,2
11:18:53,40733.59,-70
11:18:53,40733.60,-128
11:18:53,40733.61,-174
11:18:53,40733.62,-179
11:18:53,40733.63,-169
11:18:53,40733.64,-174
11:18:53,40733.65,-167
11:18:53,40733.66,-156
11:18:53,40733.67,-145
11:18:53,40733.68,-126
11:18:53,40733.69,-113
11:18:53,40733.70,-95
11:18:53,40733.71,-93
11:18:53,40733.72,-101
11:18:53,40733.73,-89
11:18:53,40733.74,-71
11:18:53,40733.75,-44
11:18:53,40733.76,-33
11:18:53,40733.77,-32
11:18:53,40733.78,-19
11:18:53,40733.79,-15
11:18:53,40733.80,-4
11:18:53,40733.81,-8
11:18:53,40733.82,-20
11:18:53,40733.83,-25
11:18:53,40733.84,-25
11:18:53,40733.85,-12
11:18:53,40733.86,-1
11:18:53,40733.87,7
11:18:53,40733.88,30
11:18:53,40733.89,55
11:18:53,40733.90,95
11:18:53,40733.91,132
11:18:53,40733.92,149
11:18:53,40733.93,140
11:18:53,40733.94,98
11:18:53,40733.95,51
11:18:53,40733.96,4
11:18:53,40733.97,-25
11:18:53,40733.98,-36
11:18:53,40733.99,-49
11:18:54,40734.00,-70
11:18:54,40734.01,-97
11:18:54,40734.02,-87
11:18:54,40734.03,174
11:18:54,40734.04,567
11:18:54,40734.05,948
11:18:54,40734.06,1059
11:18:54,40734.07,976
11:18:54,40734.08,741
11:18:54,40734.09,360
11:18:54,40734.10,-78
11:18:54,40734.11,-348
11:18:54,40734.12,-422
11:18:54,40734.13,-358
11:18:54,40734.14,-312
11:18:54,40734.15,-265
11:18:54,40734.16,-234
11:18:54,40734.17,-218
11:18:54,40734.18,-206
11:18:54,40734.19,-200
11:18:54,40734.20,-185
11:18:54,40734.21,-172
11:18:54,40734.22,-157
11:18:54,40734.23,-133
11:18:54,40734.24,-122
11:18:54,40734.25,-108
11:18:54,40734.26,-93
11:18:54,40734.27,-53
11:18:54,40734.28,6
11:18:54,40734.29,46
11:18:54,40734.30,65
11:18:54,40734.31,74
11:18:54,40734.32,74
11:18:54,40734.33,69
11:18:54,40734.34,26
11:18:54,40734.35,-31
11:18:54,40734.36,-101
11:18:54,40734.37,-155
11:18:54,40734.38,-165
11:18:54,40734.39,-167
11:18:54,40734.40,-156
11:18:54,40734.41,-150
11:18:54,40734.42,-143
11:18:54,40734.43,-126
11:18:54,40734.44,-120
11:18:54,40734.45,-110
11:18:54,40734.46,-109
11:18:54,40734.47,-111
11:18:54,40734.48,-100
11:18:54,40734.49,-99
11:18:54,40734.50,-77
11:18:54,40734.51,-57
11:18:54,40734.52,-40
11:18:54,40734.53,-26
11:18:54,40734.54,-36
11:18:54,40734.55,-37
11:18:54,40734.56,-38
11:18:54,40734.57,-33
11:18:54,40734.58,-18
11:18:54,40734.59,-19
11:18:54,40734.60,-11
11:18:54,40734.61,-10
11:18:54,40734.62,-6
11:18:54,40734.63,10
11:18:54,40734.64,43
11:18:54,40734.65,98
11:18:54,40734.66,137
11:18:54,40734.67,146
11:18:54,40734.68,142
11:18:54,40734.69,120
11:18:54,40734.70,100
11:18:54,40734.71,63
11:18:54,40734.72,15
11:18:54,40734.73,-16
11:18:54,40734.74,-41
11:18:54,40734.75,-41
11:18:54,40734.76,-56
11:18:54,40734.77,-78
11:18:54,40734.78,-90
11:18:54,40734.79,-3
11:18:54,40734.80,280
11:18:54,40734.81,705
11:18:54,40734.82,1010
11:18:54,40734.83,1074
11:18:54,40734.84,819
11:18:54,40734.85,412
11:18:54,40734.86,-52
11:18:54,40734.87,-321
11:18:54,40734.88,-384
11:18:54,40734.89,-323
11:18:54,40734.90,-273
11:18:54,40734.91,-233
11:18:54,40734.92,-190
11:18:54,40734.93,-155
11:18:54,40734.94,-131
11:18:54,40734.95,-113
11:18:54,40734.96,-97
11:18:54,40734.97,-97
11:18:54,40734.98,-95
11:18:54,40734.99,-91
11:18:55,40735.00,-73
11:18:55,40735.01,-45
11:18:55,40735.02,-15
11:18:55,40735.03,31
11:18:55,40735.04,63
11:18:55,40735.05,88
11:18:55,40735.06,93
11:18:55,40735.07,84
11:18:55,40735.09,76
11:18:55,40735.09,47
11:18:55,40735.11,-1
11:18:55,40735.11,-78
11:18:55,40735.13,-151
11:18:55,40735.13,-176
11:18:55,40735.14,-176
11:18:55,40735.15,-154
11:18:55,40735.16,-142
11:18:55,40735.18,-138
11:18:55,40735.18,-130
11:18:55,40735.20,-131
11:18:55,40735.20,-120
11:18:55,40735.21,-106
11:18:55,40735.22,-95
11:18:55,40735.23,-73
11:18:55,40735.24,-66
11:18:55,40735.25,-49
11:18:55,40735.27,-41
11:18:55,40735.27,-39
11:18:55,40735.29,-27
11:18:55,40735.29,-28
11:18:55,40735.30,-15
11:18:55,40735.31,-15
11:18:55,40735.32,-13
11:18:55,40735.34,-5
11:18:55,40735.34,-8
11:18:55,40735.36,-2
11:18:55,40735.36,2
11:18:55,40735.38,12
11:18:55,40735.38,33
11:18:55,40735.39,70
11:18:55,40735.40,117
11:18:55,40735.41,148
11:18:55,40735.43,146
11:18:55,40735.43,137
11:18:55,40735.44,97
11:18:55,40735.45,50
11:18:55,40735.46,-9
11:18:55,40735.47,-43
11:18:55,40735.48,-50
11:18:55,40735.49,-61
11:18:55,40735.50,-75
11:18:55,40735.51,-96
11:18:55,40735.52,-111
11:18:55,40735.53,-97
11:18:55,40735.54,121
11:18:55,40735.55,516
11:18:55,40735.56,919
11:18:55,40735.57,1067
11:18:55,40735.58,1008
11:18:55,40735.59,787
11:18:55,40735.60,538
11:18:55,40735.61,234
11:18:55,40735.62,-101
11:18:55,40735.63,-337
11:18:55,40735.64,-453
11:18:55,40735.64,-392
11:18:55,40735.66,-340
11:18:55,40735.66,-318
11:18:55,40735.68,-287
11:18:55,40735.69,-269
11:18:55,40735.70,-235
11:18:55,40735.71,-210
11:18:55,40735.71,-190
11:18:55,40735.73,-169
11:18:55,40735.73,-162
11:18:55,40735.75,-147
11:18:55,40735.76,-128
11:18:55,40735.77,-90
11:18:55,40735.78,-48
11:18:55,40735.79,-14
11:18:55,40735.80,16
11:18:55,40735.80,40
11:18:55,40735.82,51
11:18:55,40735.82,55
11:18:55,40735.84,23
11:18:55,40735.85,-26
11:18:55,40735.86,-91
11:18:55,40735.87,-139
11:18:55,40735.88,-159
11:18:55,40735.89,-183
11:18:55,40735.89,-189
11:18:55,40735.91,-182
11:18:55,40735.91,-163
11:18:55,40735.93,-148
11:18:55,40735.94,-148
11:18:55,40735.95,-143
11:18:55,40735.96,-125
11:18:55,40735.96,-108
11:18:55,40735.98,-83
11:18:55,40735.98,-78
11:18:55,40736.00,-79
11:18:56,40736.00,-79
11:18:56,40736.02,-75
11:18:56,40736.02,-54
11:18:56,40736.04,-48
11:18:56,40736.05,-40
11:18:56,40736.05,-43
11:18:56,40736.07,-43
11:18:56,40736.07,-28
11:18:56,40736.09,-18
11:18:56,40736.10,-5
11:18:56,40736.11,-3
11:18:56,40736.13,-4
11:18:56,40736.13,5
11:18:56,40736.14,11
11:18:56,40736.15,38
11:18:56,40736.16,73
11:18:56,40736.18,117
11:18:56,40736.18,153
11:18:56,40736.20,148
11:18:56,40736.20,115
11:18:56,40736.21,63
11:18:56,40736.22,18
11:18:56,40736.23,2
11:18:56,40736.24,-20
11:18:56,40736.25,-27
11:18:56,40736.27,-42
11:18:56,40736.27,-59
11:18:56,40736.29,-76
11:18:56,40736.29,-46
11:18:56,40736.30,194
11:18:56,40736.31,501
11:18:56,40736.32,808
11:18:56,40736.34,980
11:18:56,40736.34,1016
11:18:56,40736.36,863
11:18:56,40736.36,483
11:18:56,40736.38,-11
11:18:56,40736.38,-319
11:18:56,40736.39,-429
11:18:56,40736.40,-352
11:18:56,40736.41,-302
11:18:56,40736.43,-273
11:18:56,40736.43,-226
11:18:56,40736.45,-194
11:18:56,40736.45,-165
11:18:56,40736.46,-155
11:18:56,40736.47,-147
11:18:56,40736.48,-130
11:18:56,40736.49,-124
11:18:56,40736.50,-108
11:18:56,40736.52,-98
11:18:56,40736.52,-79
11:18:56,40736.54,-42
11:18:56,40736.54,-6
11:18:56,40736.55,44
11:18:56,40736.56,73
11:18:56,40736.57,83
11:18:56,40736.59,76
11:18:56,40736.59,56
11:18:56,40736.61,29
11:18:56,40736.61,-33
11:18:56,40736.62,-113
11:18:56,40736.63,-161
11:18:56,40736.64,-186
11:18:56,40736.65,-181
11:18:56,40736.66,-175
11:18:56,40736.67,-163
11:18:56,40736.68,-138
11:18:56,40736.69,-128
11:18:56,40736.70,-107
11:18:56,40736.71,-103
11:18:56,40736.72,-90
11:18:56,40736.73,-87
11:18:56,40736.74,-88
11:18:56,40736.75,-85
11:18:56,40736.76,-76
11:18:56,40736.77,-63
11:18:56,40736.78,-40
11:18:56,40736.79,-26
11:18:56,40736.80,-19
11:18:56,40736.81,-28
11:18:56,40736.82,-35
11:18:56,40736.83,-10
11:18:56,40736.84,1
11:18:56,40736.85,10
11:18:56,40736.86,3
11:18:56,40736.87,7
11:18:56,40736.88,25
11:18:56,40736.89,29
11:18:56,40736.89,54
11:18:56,40736.91,86
11:18:56,40736.91,134
11:18:56,40736.93,164
11:18:56,40736.94,161
11:18:56,40736.95,143
11:18:56,40736.96,105
11:18:56,40736.96,59
11:18:56,40736.98,10
11:18:56,40737.00,-28
11:18:56,40737.00,-46
11:18:57,40737.01,-61
11:18:57,40737.02,-83
11:18:57,40737.04,-95
11:18:57,40737.04,-111
11:18:57,40737.05,-104
11:18:57,40737.05,119
11:18:57,40737.07,545
11:18:57,40737.07,967
11:18:57,40737.09,1090
11:18:57,40737.10,885
11:18:57,40737.11,521
11:18:57,40737.12,158
11:18:57,40737.13,-112
11:18:57,40737.14,-273
11:18:57,40737.15,-314
11:18:57,40737.16,-301
11:18:57,40737.17,-239
11:18:57,40737.18,-205
11:18:57,40737.19,-186
11:18:57,40737.20,-153
11:18:57,40737.21,-134
11:18:57,40737.22,-118
11:18:57,40737.23,-106
11:18:57,40737.24,-99
11:18:57,40737.25,-74
11:18:57,40737.26,-58
11:18:57,40737.27,-39
11:18:57,40737.28,-12
11:18:57,40737.29,28
11:18:57,40737.30,64
11:18:57,40737.31,91
11:18:57,40737.32,101
11:18:57,40737.33,114
11:18:57,40737.34,100
11:18:57,40737.35,72
11:18:57,40737.36,13
11:18:57,40737.37,-55
11:18:57,40737.38,-117
11:18:57,40737.39,-164
11:18:57,40737.40,-173
11:18:57,40737.41,-166
11:18:57,40737.42,-149
11:18:57,40737.43,-133
11:18:57,40737.44,-134
11:18:57,40737.45,-127
11:18:57,40737.46,-124
11:18:57,40737.47,-105
11:18:57,40737.48,-82
11:18:57,40737.49,-75
11:18:57,40737.50,-70
11:18:57,40737.51,-67
11:18:57,40737.52,-60
11:18:57,40737.53,-55
11:18:57,40737.54,-69
11:18:57,40737.55,-64
11:18:57,40737.56,-63
11:18:57,40737.57,-57
11:18:57,40737.58,-52
11:18:57,40737.59,-54
11:18:57,40737.60,-44
11:18:57,40737.61,-41
11:18:57,40737.62,-43
11:18:57,40737.63,-34
11:18:57,40737.64,-22
11:18:57,40737.65,18
11:18:57,40737.66,55
11:18:57,40737.67,76
11:18:57,40737.68,96
11:18:57,40737.69,100
11:18:57,40737.70,102
11:18:57,40737.71,77
11:18:57,40737.72,32
11:18:57,40737.73,-18
11:18:57,40737.73,-64
11:18:57,40737.75,-80
11:18:57,40737.75,-79
11:18:57,40737.77,-82
11:18:57,40737.77,-88
11:18:57,40737.79,-112
11:18:57,40737.80,-89
11:18:57,40737.80,139
11:18:57,40737.82,530
11:18:57,40737.82,920
11:18:57,40737.84,1035
11:18:57,40737.84,960
11:18:57,40737.86,732
11:18:57,40737.86,402
11:18:57,40737.88,-30
11:18:57,40737.89,-329
11:18:57,40737.89,-428
11:18:57,40737.91,-374
11:18:57,40737.91,-325
11:18:57,40737.93,-291
11:18:57,40737.95,-264
11:18:57,40737.95,-239
11:18:57,40737.95,-225
11:18:57,40737.98,-205
11:18:57,40737.98,-180
11:18:57,40737.98,-156
11:18:57,40738.00,-139
11:18:58,40738.00,-123
11:18:58,40738.02,-105
11:18:58,40738.04,-78
11:18:58,40738.04,-51
11:18:58,40738.05,-3
11:18:58,40738.05,41
11:18:58,40738.07,71
11:18:58,40738.07,78
11:18:58,40738.09,67
11:18:58,40738.09,46
11:18:58,40738.11,4
11:18:58,40738.11,-39
11:18:58,40738.13,-82
11:18:58,40738.14,-127
11:18:58,40738.16,-153
11:18:58,40738.16,-152
11:18:58,40738.16,-148
11:18:58,40738.18,-134
11:18:58,40738.20,-124
11:18:58,40738.20,-102
11:18:58,40738.21,-89
11:18:58,40738.22,-87
11:18:58,40738.23,-84
11:18:58,40738.24,-95
11:18:58,40738.25,-90
11:18:58,40738.26,-70
11:18:58,40738.27,-51
11:18:58,40738.28,-39
11:18:58,40738.29,-53
11:18:58,40738.30,-55
11:18:58,40738.31,-48
11:18:58,40738.32,-38
11:18:58,40738.33,-15
11:18:58,40738.34,-10
11:18:58,40738.35,2
11:18:58,40738.36,1
11:18:58,40738.37,1
11:18:58,40738.38,10
11:18:58,40738.39,9
11:18:58,40738.40,27
11:18:58,40738.41,62
11:18:58,40738.42,101
11:18:58,40738.43,148
11:18:58,40738.44,159
11:18:58,40738.45,154
11:18:58,40738.46,110
11:18:58,40738.47,66
11:18:58,40738.48,44
11:18:58,40738.49,9
11:18:58,40738.50,-17
11:18:58,40738.51,-50
11:18:58,40738.52,-60
11:18:58,40738.53,-59
11:18:58,40738.54,-80
11:18:58,40738.55,-28
11:18:58,40738.56,217
11:18:58,40738.57,529
11:18:58,40738.58,841
11:18:58,40738.59,974
11:18:58,40738.60,1004
11:18:58,40738.61,789
11:18:58,40738.62,375
11:18:58,40738.63,-99
11:18:58,40738.64,-357
11:18:58,40738.65,-414
11:18:58,40738.66,-348
11:18:58,40738.67,-315
11:18:58,40738.68,-285
11:18:58,40738.69,-251
11:18:58,40738.70,-218
11:18:58,40738.71,-199
11:18:58,40738.72,-179
11:18:58,40738.73,-151
11:18:58,40738.74,-131
11:18:58,40738.75,-117
11:18:58,40738.76,-116
11:18:58,40738.77,-111
11:18:58,40738.79,-82
11:18:58,40738.79,-45
11:18:58,40738.80,2
11:18:58,40738.81,39
11:18:58,40738.82,65
11:18:58,40738.84,79
11:18:58,40738.84,69
11:18:58,40738.86,61
11:18:58,40738.86,32
11:18:58,40738.88,-19
11:18:58,40738.88,-91
11:18:58,40738.89,-154
11:18:58,40738.90,-175
11:18:58,40738.91,-163
11:18:58,40738.93,-154
11:18:58,40738.93,-154
11:18:58,40738.95,-162
11:18:58,40738.95,-147
11:18:58,40738.96,-129
11:18:58,40738.97,-116
11:18:58,40738.98,-101
11:18:58,40738.99,-86
11:18:59,40739.00,-66
11:18:59,40739.02,-54
11:18:59,40739.02,-49
11:18:59,40739.04,-40
11:18:59,40739.04,-36
11:18:59,40739.05,-26
11:18:59,40739.06,-24
11:18:59,40739.07,-30
11:18:59,40739.09,-32
11:18:59,40739.09,-37
11:18:59,40739.11,-28
11:18:59,40739.11,-26
11:18:59,40739.13,-17
11:18:59,40739.13,-7
11:18:59,40739.14,-4
11:18:59,40739.15,9
11:18:59,40739.16,40
11:18:59,40739.18,84
11:18:59,40739.18,126
11:18:59,40739.20,144
11:18:59,40739.20,153
11:18:59,40739.21,133
11:18:59,40739.22,88
11:18:59,40739.23,37
11:18:59,40739.24,-6
11:18:59,40739.25,-24
11:18:59,40739.27,-33
11:18:59,40739.27,-48
11:18:59,40739.28,-51
11:18:59,40739.29,-68
11:18:59,40739.30,-77
11:18:59,40739.31,23
11:18:59,40739.32,320
11:18:59,40739.33,756
11:18:59,40739.34,1031
11:18:59,40739.35,1045
11:18:59,40739.36,739
11:18:59,40739.37,398
11:18:59,40739.38,36
11:18:59,40739.39,-222
11:18:59,40739.40,-342
11:18:59,40739.41,-346
11:18:59,40739.42,-267
11:18:59,40739.43,-234
11:18:59,40739.44,-205
11:18:59,40739.45,-173
11:18:59,40739.46,-154
11:18:59,40739.47,-152
11:18:59,40739.48,-133
11:18:59,40739.49,-116
11:18:59,40739.50,-90
11:18:59,40739.51,-80
11:18:59,40739.52,-76
11:18:59,40739.53,-55
11:18:59,40739.54,-20
11:18:59,40739.55,29
11:18:59,40739.56,63
11:18:59,40739.57,75
11:18:59,40739.58,81
11:18:59,40739.59,74
11:18:59,40739.60,64
11:18:59,40739.61,20
11:18:59,40739.62,-45
11:18:59,40739.63,-106
11:18:59,40739.64,-148
11:18:59,40739.65,-157
11:18:59,40739.66,-165
11:18:59,40739.67,-169
11:18:59,40739.68,-162
11:18:59,40739.69,-158
11:18:59,40739.70,-139
11:18:59,40739.71,-129
11:18:59,40739.72,-124
11:18:59,40739.73,-115
11:18:59,40739.74,-118
11:18:59,40739.75,-106
11:18:59,40739.76,-101
11:18:59,40739.77,-85
11:18:59,40739.78,-68
11:18:59,40739.79,-62
11:18:59,40739.80,-54
11:18:59,40739.81,-43
11:18:59,40739.82,-37
11:18:59,40739.83,-30
11:18:59,40739.84,-39
11:18:59,40739.86,-37
11:18:59,40739.86,-29
11:18:59,40739.88,-13
11:18:59,40739.88,10
11:18:59,40739.89,15
11:18:59,40739.90,38
11:18:59,40739.91,74
11:18:59,40739.93,114
11:18:59,40739.93,146
11:18:59,40739.95,149
11:18:59,40739.95,137
11:18:59,40739.96,106
11:18:59,40739.97,64
11:18:59,40739.98,31
11:18:59,40739.99,-6
11:19:00,40740.00,-32
11:19:00,40740.02,-58
11:19:00,40740.02,-81
11:19:00,40740.04,-86
11:19:00,40740.04,-95
11:19:00,40740.05,-80
11:19:00,40740.06,100
11:19:00,40740.07,453
11:19:00,40740.09,872
11:19:00,40740.09,1042
11:19:00,40740.11,932
11:19:00,40740.11,676
11:19:00,40740.13,377
11:19:00,40740.13,6
11:19:00,40740.14,-291
11:19:00,40740.15,-432
11:19:00,40740.16,-374
11:19:00,40740.18,-317
11:19:00,40740.18,-287
11:19:00,40740.20,-270
11:19:00,40740.20,-243
11:19:00,40740.21,-210
11:19:00,40740.22,-177
11:19:00,40740.23,-158
11:19:00,40740.24,-153
11:19:00,40740.25,-135
11:19:00,40740.27,-108
11:19:00,40740.27,-85
11:19:00,40740.29,-60
11:19:00,40740.29,-44
11:19:00,40740.30,-13
11:19:00,40740.31,23
11:19:00,40740.32,62
11:19:00,40740.33,89
11:19:00,40740.34,88
11:19:00,40740.35,69
11:19:00,40740.36,34
11:19:00,40740.37,-13
11:19:00,40740.38,-62
11:19:00,40740.39,-121
11:19:00,40740.40,-152
11:19:00,40740.41,-167
11:19:00,40740.42,-157
11:19:00,40740.43,-146
11:19:00,40740.44,-138
11:19:00,40740.45,-120
11:19:00,40740.46,-111
11:19:00,40740.47,-103
11:19:00,40740.48,-97
11:19:00,40740.49,-87
11:19:00,40740.50,-66
11:19:00,40740.51,-67
11:19:00,40740.52,-67
11:19:00,40740.53,-63
11:19:00,40740.54,-60
11:19:00,40740.55,-39
11:19:00,40740.56,-36
11:19:00,40740.57,-32
11:19:00,40740.58,-34
11:19:00,40740.59,-44
11:19:00,40740.60,-29
11:19:00,40740.61,-18
11:19:00,40740.62,0
11:19:00,40740.63,8
11:19:00,40740.64,-2
11:19:00,40740.65,12
11:19:00,40740.66,40
11:19:00,40740.67,96
11:19:00,40740.68,137
11:19:00,40740.69,148
11:19:00,40740.70,140
11:19:00,40740.71,108
11:19:00,40740.71,62
11:19:00,40740.73,14
11:19:00,40740.73,-20
11:19:00,40740.75,-19
11:19:00,40740.76,-26
11:19:00,40740.77,-40
11:19:00,40740.78,-67
11:19:00,40740.79,-103
11:19:00,40740.80,-37
11:19:00,40740.80,227
11:19:00,40740.82,557
11:19:00,40740.82,863
11:19:00,40740.84,981
11:19:00,40740.85,998
11:19:00,40740.86,746
11:19:00,40740.87,334
11:19:00,40740.89,-137
11:19:00,40740.89,-367
11:19:00,40740.91,-407
11:19:00,40740.91,-331
11:19:00,40740.92,-289
11:19:00,40740.93,-257
11:19:00,40740.94,-232
11:19:00,40740.95,-202
11:19:00,40740.96,-182
11:19:00,40740.97,-161
11:19:00,40740.98,-134
11:19:00,40740.99,-122
11:19:00,40741.00,-100
11:19:01,40741.01,-96
11:19:01,40741.02,-82
11:19:01,40741.03,-54
11:19:01,40741.04,-18
11:19:01,40741.05,23
11:19:01,40741.06,52
11:19:01,40741.07,72
11:19:01,40741.08,94
11:19:01,40741.09,91
11:19:01,40741.10,88
11:19:01,40741.11,41
11:19:01,40741.12,-30
11:19:01,40741.13,-109
11:19:01,40741.14,-169
11:19:01,40741.15,-179
11:19:01,40741.16,-177
11:19:01,40741.17,-167
11:19:01,40741.18,-155
11:19:01,40741.19,-151
11:19:01,40741.20,-128
11:19:01,40741.21,-122
11:19:01,40741.22,-103
11:19:01,40741.23,-100
11:19:01,40741.24,-92
11:19:01,40741.25,-81
11:19:01,40741.26,-77
11:19:01,40741.27,-73
11:19:01,40741.28,-67
11:19:01,40741.29,-51
11:19:01,40741.30,-23
11:19:01,40741.31,-12
11:19:01,40741.32,-19
11:19:01,40741.33,-27
11:19:01,40741.34,-31
11:19:01,40741.35,-14
11:19:01,40741.36,-10
11:19:01,40741.37,-5
11:19:01,40741.38,5
11:19:01,40741.39,9
11:19:01,40741.41,34
11:19:01,40741.41,68
11:19:01,40741.43,114
11:19:01,40741.43,143
11:19:01,40741.45,145
11:19:01,40741.45,137
11:19:01,40741.46,110
11:19:01,40741.48,74
11:19:01,40741.48,33
11:19:01,40741.50,-13
11:19:01,40741.50,-43
11:19:01,40741.52,-64
11:19:01,40741.52,-76
11:19:01,40741.54,-90
11:19:01,40741.55,-111
11:19:01,40741.55,-107
11:19:01,40741.57,85
11:19:01,40741.57,459
11:19:01,40741.59,878
11:19:01,40741.59,1056
11:19:01,40741.60,952
11:19:01,40741.61,622
11:19:01,40741.62,281
11:19:01,40741.63,-45
11:19:01,40741.64,-260
11:19:01,40741.65,-363
11:19:01,40741.66,-355
11:19:01,40741.67,-286
11:19:01,40741.68,-237
11:19:01,40741.69,-212
11:19:01,40741.70,-186
11:19:01,40741.71,-179
11:19:01,40741.72,-173
11:19:01,40741.73,-159
11:19:01,40741.74,-151
11:19:01,40741.75,-125
11:19:01,40741.76,-105
11:19:01,40741.77,-83
11:19:01,40741.78,-52
11:19:01,40741.79,-16
11:19:01,40741.80,33
11:19:01,40741.81,61
11:19:01,40741.82,75
11:19:01,40741.83,84
11:19:01,40741.84,79
11:19:01,40741.85,66
11:19:01,40741.86,5
11:19:01,40741.87,-72
11:19:01,40741.88,-148
11:19:01,40741.89,-186
11:19:01,40741.90,-191
11:19:01,40741.91,-181
11:19:01,40741.93,-173
11:19:01,40741.93,-164
11:19:01,40741.95,-163
11:19:01,40741.95,-143
11:19:01,40741.96,-118
11:19:01,40741.97,-102
11:19:01,40741.98,-94
11:19:01,40741.99,-103
11:19:02,40742.00,-88
11:19:02,40742.01,-77
11:19:02,40742.02,-66
11:19:02,40742.03,-57
11:19:02,40742.04,-54
11:19:02,40742.05,-40
11:19:02,40742.06,-34
11:19:02,40742.07,-32
11:19:02,40742.08,-29
11:19:02,40742.09,-34
11:19:02,40742.10,-29
11:19:02,40742.11,-23
11:19:02,40742.12,-14
11:19:02,40742.13,-4
11:19:02,40742.14,2
11:19:02,40742.15,36
11:19:02,40742.16,77
11:19:02,40742.17,118
11:19:02,40742.18,146
11:19:02,40742.19,147
11:19:02,40742.20,140
11:19:02,40742.21,107
11:19:02,40742.22,57
11:19:02,40742.23,6
11:19:02,40742.24,-33
11:19:02,40742.25,-39
11:19:02,40742.26,-46
11:19:02,40742.27,-56
11:19:02,40742.28,-68
11:19:02,40742.29,-84
11:19:02,40742.30,-52
11:19:02,40742.31,222
11:19:02,40742.32,648
11:19:02,40742.33,1018
11:19:02,40742.34,1057
11:19:02,40742.35,814
11:19:02,40742.36,534
11:19:02,40742.37,235
11:19:02,40742.38,-51
11:19:02,40742.39,-267
11:19:02,40742.40,-354
11:19:02,40742.41,-297
11:19:02,40742.42,-243
11:19:02,40742.43,-198
11:19:02,40742.44,-169
11:19:02,40742.45,-152
11:19:02,40742.46,-146
11:19:02,40742.48,-138
11:19:02,40742.48,-117
11:19:02,40742.50,-109
11:19:02,40742.50,-94
11:19:02,40742.52,-85
11:19:02,40742.52,-63
11:19:02,40742.54,-39
11:19:02,40742.55,-12
11:19:02,40742.55,24
11:19:02,40742.57,57
11:19:02,40742.57,73
11:19:02,40742.59,80
11:19:02,40742.59,67
11:19:02,40742.61,38
11:19:02,40742.61,-14
11:19:02,40742.63,-72
11:19:02,40742.64,-118
11:19:02,40742.64,-158
11:19:02,40742.66,-182
11:19:02,40742.66,-192
11:19:02,40742.68,-185
11:19:02,40742.68,-163
11:19:02,40742.70,-153
11:19:02,40742.70,-138
11:19:02,40742.71,-129
11:19:02,40742.73,-124
11:19:02,40742.73,-117
11:19:02,40742.75,-116
11:19:02,40742.75,-102
11:19:02,40742.77,-81
11:19:02,40742.77,-62
11:19:02,40742.79,-47
11:19:02,40742.80,-62
11:19:02,40742.80,-64
11:19:02,40742.82,-61
11:19:02,40742.82,-48
11:19:02,40742.84,-29
11:19:02,40742.84,-28
11:19:02,40742.86,-25
11:19:02,40742.86,-32
11:19:02,40742.88,-26
11:19:02,40742.89,-5
11:19:02,40742.89,10
11:19:02,40742.91,37
11:19:02,40742.91,76
11:19:02,40742.93,116
11:19:02,40742.93,150
11:19:02,40742.95,144
11:19:02,40742.95,122
11:19:02,40742.96,81
11:19:02,40742.98,36
11:19:02,40742.98,8
11:19:02,40742.99,-19
11:19:03,40743.00,-27
11:19:03,40743.01,-37
11:19:03,40743.02,-54
11:19:03,40743.03,-73
11:19:03,40743.04,-107
11:19:03,40743.05,4
11:19:03,40743.06,376
11:19:03,40743.07,779
11:19:03,40743.08,1041
11:19:03,40743.09,1025
11:19:03,40743.10,872
11:19:03,40743.11,568
11:19:03,40743.12,147
11:19:03,40743.13,-221
11:19:03,40743.14,-388
11:19:03,40743.15,-399
11:19:03,40743.16,-328
11:19:03,40743.17,-293
11:19:03,40743.18,-258
11:19:03,40743.19,-236
11:19:03,40743.20,-210
11:19:03,40743.21,-193
11:19:03,40743.22,-176
11:19:03,40743.23,-149
11:19:03,40743.24,-136
11:19:03,40743.25,-113
11:19:03,40743.26,-104
11:19:03,40743.27,-84
11:19:03,40743.28,-54
11:19:03,40743.29,-25
11:19:03,40743.30,14
11:19:03,40743.31,52
11:19:03,40743.32,74
11:19:03,40743.33,82
11:19:03,40743.34,53
11:19:03,40743.35,31
11:19:03,40743.36,-24
11:19:03,40743.37,-87
11:19:03,40743.38,-151
11:19:03,40743.39,-192
11:19:03,40743.40,-196
11:19:03,40743.41,-195
11:19:03,40743.42,-185
11:19:03,40743.43,-173
11:19:03,40743.44,-164
11:19:03,40743.45,-146
11:19:03,40743.46,-133
11:19:03,40743.47,-115
11:19:03,40743.48,-92
11:19:03,40743.49,-79
11:19:03,40743.50,-64
11:19:03,40743.51,-58
11:19:03,40743.52,-50
11:19:03,40743.53,-37
11:19:03,40743.55,-37
11:19:03,40743.55,-27
11:19:03,40743.56,-23
11:19:03,40743.57,-25
11:19:03,40743.58,-21
11:19:03,40743.59,-22
11:19:03,40743.60,-2
11:19:03,40743.61,5
11:19:03,40743.62,3
11:19:03,40743.63,-1
11:19:03,40743.64,1
11:19:03,40743.65,38
11:19:03,40743.66,83
11:19:03,40743.67,112
11:19:03,40743.68,126
11:19:03,40743.69,120
11:19:03,40743.70,123
11:19:03,40743.71,107
11:19:03,40743.72,73
11:19:03,40743.73,23
11:19:03,40743.74,-25
11:19:03,40743.75,-42
11:19:03,40743.76,-47
11:19:03,40743.77,-59
11:19:03,40743.78,-77
11:19:03,40743.79,-107
11:19:03,40743.80,-105
11:19:03,40743.81,83
11:19:03,40743.82,448
11:19:03,40743.83,863
11:19:03,40743.84,1045
11:19:03,40743.85,967
11:19:03,40743.86,649
11:19:03,40743.87,213
11:19:03,40743.88,-176
11:19:03,40743.89,-363
11:19:03,40743.90,-361
11:19:03,40743.91,-284
11:19:03,40743.92,-232
11:19:03,40743.93,-180
11:19:03,40743.94,-157
11:19:03,40743.95,-133
11:19:03,40743.96,-124
11:19:03,40743.97,-117
11:19:03,40743.98,-99
11:19:03,40743.99,-90
11:19:04,40744.00,-69
11:19:04,40744.01,-57
11:19:04,40744.02,-33
11:19:04,40744.03,2
11:19:04,40744.05,28
11:19:04,40744.05,56
11:19:04,40744.07,69
11:19:04,40744.07,81
11:19:04,40744.09,94
11:19:04,40744.09,90
11:19:04,40744.10,75
11:19:04,40744.11,25
11:19:04,40744.12,-43
11:19:04,40744.13,-112
11:19:04,40744.14,-165
11:19:04,40744.15,-176
11:19:04,40744.16,-168
11:19:04,40744.17,-156
11:19:04,40744.18,-147
11:19:04,40744.19,-154
11:19:04,40744.20,-145
11:19:04,40744.21,-137
11:19:04,40744.22,-122
11:19:04,40744.23,-103
11:19:04,40744.24,-94
11:19:04,40744.25,-81
11:19:04,40744.26,-80
11:19:04,40744.27,-79
11:19:04,40744.28,-71
11:19:04,40744.29,-68
11:19:04,40744.30,-52
11:19:04,40744.31,-31
11:19:04,40744.32,-19
11:19:04,40744.33,-14
11:19:04,40744.34,-25
11:19:04,40744.35,-23
11:19:04,40744.36,-14
11:19:04,40744.37,-2
11:19:04,40744.38,17
11:19:04,40744.39,21
11:19:04,40744.40,41
11:19:04,40744.41,68
11:19:04,40744.42,103
11:19:04,40744.43,129
11:19:04,40744.44,139
11:19:04,40744.45,145
11:19:04,40744.46,126
11:19:04,40744.47,90
11:19:04,40744.48,35
11:19:04,40744.49,-20
11:19:04,40744.50,-48
11:19:04,40744.51,-57
11:19:04,40744.52,-50
11:19:04,40744.53,-49
11:19:04,40744.54,-75
11:19:04,40744.55,-91
11:19:04,40744.56,-49
11:19:04,40744.57,268
11:19:04,40744.58,701
11:19:04,40744.59,1024
11:19:04,40744.60,1018
11:19:04,40744.61,834
11:19:04,40744.62,574
11:19:04,40744.63,240
11:19:04,40744.64,-140
11:19:04,40744.65,-358
11:19:04,40744.66,-405
11:19:04,40744.67,-338
11:19:04,40744.68,-289
11:19:04,40744.69,-260
11:19:04,40744.70,-235
11:19:04,40744.71,-220
11:19:04,40744.72,-206
11:19:04,40744.73,-182
11:19:04,40744.74,-163
11:19:04,40744.75,-131
11:19:04,40744.76,-109
11:19:04,40744.77,-93
11:19:04,40744.78,-79
11:19:04,40744.79,-69
11:19:04,40744.80,-35
11:19:04,40744.81,3
11:19:04,40744.82,49
11:19:04,40744.83,76
11:19:04,40744.84,81
11:19:04,40744.85,73
11:19:04,40744.86,37
11:19:04,40744.87,-11
11:19:04,40744.88,-64
11:19:04,40744.89,-118
11:19:04,40744.90,-149
11:19:04,40744.91,-168
11:19:04,40744.92,-159
11:19:04,40744.93,-143
11:19:04,40744.94,-137
11:19:04,40744.95,-129
11:19:04,40744.96,-125
11:19:04,40744.97,-114
11:19:04,40744.98,-99
11:19:04,40744.99,-93
11:19:05,40745.00,-80
11:19:05,40745.01,-77
11:19:05,40745.02,-71
11:19:05,40745.03,-62
11:19:05,40745.04,-63
11:19:05,40745.05,-55
11:19:05,40745.06,-54
11:19:05,40745.07,-58
11:19:05,40745.08,-55
11:19:05,40745.09,-56
11:19:05,40745.11,-37
11:19:05,40745.11,-31
11:19:05,40745.13,-32
11:19:05,40745.13,-34
11:19:05,40745.14,-44
11:19:05,40745.16,-26
11:19:05,40745.16,-4
11:19:05,40745.18,25
11:19:05,40745.18,72
11:19:05,40745.20,108
11:19:05,40745.20,142
11:19:05,40745.21,123
11:19:05,40745.23,77
11:19:05,40745.23,32
11:19:05,40745.25,-3
11:19:05,40745.25,-21
11:19:05,40745.27,-39
11:19:05,40745.27,-57
11:19:05,40745.29,-65
11:19:05,40745.30,-86
11:19:05,40745.30,-113
11:19:05,40745.32,-136
11:19:05,40745.32,16
11:19:05,40745.34,295
11:19:05,40745.34,641
11:19:05,40745.36,892
11:19:05,40745.36,979
11:19:05,40745.38,872
11:19:05,40745.39,535
11:19:05,40745.39,115
11:19:05,40745.41,-225
11:19:05,40745.41,-367
11:19:05,40745.43,-376
11:19:05,40745.43,-319
11:19:05,40745.45,-287
11:19:05,40745.45,-240
11:19:05,40745.46,-207
11:19:05,40745.48,-177
11:19:05,40745.48,-151
11:19:05,40745.50,-135
11:19:05,40745.50,-118
11:19:05,40745.52,-116
11:19:05,40745.52,-103
11:19:05,40745.54,-82
11:19:05,40745.55,-56
11:19:05,40745.55,-23
11:19:05,40745.57,20
11:19:05,40745.57,58
11:19:05,40745.59,94
11:19:05,40745.59,100
11:19:05,40745.61,108
11:19:05,40745.61,98
11:19:05,40745.63,77
11:19:05,40745.63,27
11:19:05,40745.64,-52
11:19:05,40745.66,-120
11:19:05,40745.66,-162
11:19:05,40745.68,-167
11:19:05,40745.68,-160
11:19:05,40745.69,-153
11:19:05,40745.70,-140
11:19:05,40745.71,-134
11:19:05,40745.72,-123
11:19:05,40745.73,-105
11:19:05,40745.74,-91
11:19:05,40745.75,-76
11:19:05,40745.76,-72
11:19:05,40745.77,-69
11:19:05,40745.78,-57
11:19:05,40745.79,-50
11:19:05,40745.80,-34
11:19:05,40745.81,-25
11:19:05,40745.82,-13
11:19:05,40745.83,3
11:19:05,40745.84,4
11:19:05,40745.85,-2
11:19:05,40745.86,-15
11:19:05,40745.87,-11
11:19:05,40745.88,7
11:19:05,40745.89,20
11:19:05,40745.90,33
11:19:05,40745.91,22
11:19:05,40745.92,16
11:19:05,40745.93,43
11:19:05,40745.94,92
11:19:05,40745.95,135
11:19:05,40745.96,152
11:19:05,40745.97,156
11:19:05,40745.98,149
11:19:05,40745.99,114
11:19:05,40746.00,67
11:19:06,40746.01,27
11:19:06,40746.02,-5
11:19:06,40746.03,-13
11:19:06,40746.04,-22
11:19:06,40746.05,-29
11:19:06,40746.06,-53
11:19:06,40746.07,-80
11:19:06,40746.08,-58
11:19:06,40746.09,192
11:19:06,40746.10,597
11:19:06,40746.11,976
11:19:06,40746.12,1090
11:19:06,40746.13,1008
11:19:06,40746.14,746
11:19:06,40746.15,382
11:19:06,40746.16,-56
11:19:06,40746.18,-325
11:19:06,40746.18,-419
11:19:06,40746.20,-381
11:19:06,40746.20,-336
11:19:06,40746.21,-308
11:19:06,40746.22,-272
11:19:06,40746.23,-243
11:19:06,40746.24,-232
11:19:06,40746.25,-215
11:19:06,40746.26,-195
11:19:06,40746.27,-166
11:19:06,40746.28,-147
11:19:06,40746.29,-142
11:19:06,40746.30,-125
11:19:06,40746.31,-103
11:19:06,40746.32,-60
11:19:06,40746.33,-14
11:19:06,40746.34,26
11:19:06,40746.35,56
11:19:06,40746.36,69
11:19:06,40746.37,64
11:19:06,40746.38,57
11:19:06,40746.39,25
11:19:06,40746.40,-30
11:19:06,40746.41,-103
11:19:06,40746.42,-157
11:19:06,40746.43,-175
11:19:06,40746.44,-186
11:19:06,40746.45,-182
11:19:06,40746.46,-176
11:19:06,40746.47,-156
11:19:06,40746.48,-137
11:19:06,40746.49,-128
11:19:06,40746.50,-112
11:19:06,40746.51,-104
11:19:06,40746.52,-99
11:19:06,40746.53,-89
11:19:06,40746.54,-77
11:19:06,40746.55,-56
11:19:06,40746.56,-49
11:19:06,40746.57,-45
11:19:06,40746.58,-33
11:19:06,40746.59,-27
11:19:06,40746.60,-15
11:19:06,40746.61,-17
11:19:06,40746.62,-29
11:19:06,40746.63,-35
11:19:06,40746.64,-38
11:19:06,40746.65,-21
11:19:06,40746.66,-15
11:19:06,40746.67,-6
11:19:06,40746.68,8
11:19:06,40746.70,22
11:19:06,40746.70,53
11:19:06,40746.71,90
11:19:06,40746.72,125
11:19:06,40746.73,141
11:19:06,40746.74,121
11:19:06,40746.75,96
11:19:06,40746.76,57
11:19:06,40746.77,19
11:19:06,40746.78,-16
11:19:06,40746.79,-45
11:19:06,40746.80,-48
11:19:06,40746.81,-63
11:19:06,40746.82,-83
11:19:06,40746.83,-112
11:19:06,40746.84,-53
11:19:06,40746.85,116
11:19:06,40746.86,377
11:19:06,40746.87,723
11:19:06,40746.88,961
11:19:06,40746.89,1036
11:19:06,40746.90,784
11:19:06,40746.91,362
11:19:06,40746.92,-103
11:19:06,40746.93,-341
11:19:06,40746.94,-391
11:19:06,40746.95,-315
11:19:06,40746.96,-283
11:19:06,40746.97,-254
11:19:06,40746.98,-211
11:19:06,40746.99,-184
11:19:06,40747.00,-158
11:19:07,40747.01,-151
11:19:07,40747.02,-132
11:19:07,40747.03,-112
11:19:07,40747.04,-105
11:19:07,40747.05,-97
11:19:07,40747.06,-90
11:19:07,40747.07,-56
11:19:07,40747.08,-9
11:19:07,40747.09,32
11:19:07,40747.10,66
11:19:07,40747.11,90
11:19:07,40747.12,101
11:19:07,40747.13,108
11:19:07,40747.14,86
11:19:07,40747.15,55
11:19:07,40747.16,-13
11:19:07,40747.17,-80
11:19:07,40747.18,-129
11:19:07,40747.19,-161
11:19:07,40747.20,-167
11:19:07,40747.21,-172
11:19:07,40747.22,-167
11:19:07,40747.23,-154
11:19:07,40747.24,-141
11:19:07,40747.25,-125
11:19:07,40747.26,-123
11:19:07,40747.27,-121
11:19:07,40747.28,-109
11:19:07,40747.29,-106
11:19:07,40747.30,-92
11:19:07,40747.31,-75
11:19:07,40747.32,-53
11:19:07,40747.33,-36
11:19:07,40747.34,-47
11:19:07,40747.35,-47
11:19:07,40747.36,-51
11:19:07,40747.37,-43
11:19:07,40747.38,-30
11:19:07,40747.39,-18
11:19:07,40747.40,-6
11:19:07,40747.41,-8
11:19:07,40747.42,-9
11:19:07,40747.43,-2
